{
	"de.croggle" : {
		"levels" : [
			{
			"type" : "color edit" ,
			"description" : "Zweites Tutoriallevel, in dem die β-Reduktion gezeigt wird. Benötigte Kenntnis des Spielers hierfür ist das Einfärben von Elementen." ,
			"design" : "" ,
			"animation" : ["tutorial/eating1.png", "tutorial/eating2.png", "tutorial/eating3.png", "tutorial/reminder.png"
			],
			"abort simulation after" : 111 ,
			"hints" : [ "hints/0001"
			],
			"data" : {
				"initial constellation" : {
					"families" : [
						{
							"type" : "colored alligator" ,
							"movable" : false ,
							"removable" : false ,
							"color" : -1 ,
							"recolorable" : true ,
							"children" : [
								{
								"type" : "egg" ,
								"movable" : false ,
								"removable" : false ,
								"color" : -1 ,
								"recolorable" : true
								}
							]
						},
						{
							"type" : "egg" ,
							"movable" : false ,
							"removable" : false ,
							"color" : 8 ,
							"recolorable" : false

						}
					]
				},
				"objective" : {
					"families" : [
						{
							"type" : "egg" ,
							"movable" : false ,
							"removable" : false ,
							"color" : 8 ,
							"recolorable" : false
						}
					]
				},

				"user colors" : [
					0, 13, 2, 3, 14, 10
				],
				"blocked colors" : [
					8
				]
			}				
			}
		]
	}
}
