{
	"de.croggle" : {
		"levels" : [
			{
			"type" : "term edit" ,
			"description" : "" ,
			"design" : "" ,
			"animation" : [
			],
			"abort simulation after" : 111 ,
			"hints" : [ "hints/0004"
			],
			"data" : {
				"initial constellation" : {
					"families" : [
						{
							"type" : "egg" ,
							"movable" : false ,
							"removable" : false ,
							"color" : 20 ,
							"recolorable" : false
						},
						{
							"type" : "egg" ,
							"movable" : false ,
							"removable" : false ,
							"color" : 21 ,
							"recolorable" : false
						},
						{
							"type" : "egg" ,
							"movable" : false ,
							"removable" : false ,
							"color" : 22 ,
							"recolorable" : false
						}
					]
				},
				"objective" : {
					"families" : [
						{
							"type" : "egg" ,
							"movable" : false ,
							"removable" : false ,
							"color" : 20 ,
							"recolorable" : true
						},
						{
							"type" : "egg" ,
							"movable" : false ,
							"removable" : false ,
							"color" : 22 ,
							"recolorable" : true
						}
					]
				},

				"user colors" : [
					1, 3, 2, 13, 14, 9
				],
				"blocked colors" : [
					20, 21, 22
				],
				"blocked types" : [
				]
			}				
			}
		]
	}
}
