{
	"de.croggle" : {
		"levels" : [
			{
			"type" : "color edit" ,
			"description" : "Viertes Tutoriallevel, das das System der Schrittanzahllevel erklärt." ,
			"design" : "" ,
			"animation" : ["tutorial/eating-family.png", "tutorial/eating-family2.png"
			],
			"abort simulation after" : 5 ,
			"hints" : [ "hints/0005"
			],
			"data" : {
				"initial constellation" : {
					"families" : [
						{
							"type" : "colored alligator" ,
							"movable" : false ,
							"removable" : false ,
							"color" : -1 ,
							"recolorable" : true ,
							"children" : [
								{
									"type" : "egg" ,
									"movable" : false ,
									"removable" : false ,
									"color" : -1 ,
									"recolorable" : true
								}
							]
						},
						{
							"type" : "colored alligator" ,
							"movable" : false ,
							"removable" : false ,
							"color" : -1 ,
							"recolorable" : true ,
							"children" : [
								{
									"type" : "egg" ,
									"movable" : false ,
									"removable" : false ,
									"color" : -1 ,
									"recolorable" : true
								}
							]
						},
						{
							"type" : "colored alligator" ,
							"movable" : false ,
							"removable" : false ,
							"color" : -1 ,
							"recolorable" : true ,
							"children" : [
								{
									"type" : "egg" ,
									"movable" : false ,
									"removable" : false ,
									"color" : -1 ,
									"recolorable" : true
								}
							]
						},
						{
							"type" : "colored alligator" ,
							"movable" : false ,
							"removable" : false ,
							"color" : -1 ,
							"recolorable" : true ,
							"children" : [
								{
									"type" : "egg" ,
									"movable" : false ,
									"removable" : false ,
									"color" : -1 ,
									"recolorable" : true
								}
							]
						},
						{
							"type" : "colored alligator" ,
							"movable" : false ,
							"removable" : false ,
							"color" : -1 ,
							"recolorable" : true ,
							"children" : [
								{
									"type" : "egg" ,
									"movable" : false ,
									"removable" : false ,
									"color" : -1 ,
									"recolorable" : true
								}
							]
						},
						{
							"type" : "egg" ,
							"movable" : false ,
							"removable" : false ,
							"color" : 15 ,
							"recolorable" : true
						}
					]
				},
				"objective" : {
					"families" : [

						{
							"type" : "egg" ,
							"movable" : false ,
							"removable" : false ,
							"color" : 15 ,
							"recolorable" : true
						}
						
					]
				},

				"user colors" : [
					5, 13, 0, 11, 12, 14
				],
				"blocked colors" : [
				]
				
			}
			}
		
		]
	}
}
