{
	"de.croggle" : {
		"levels" : [
			{
			"type" : "color edit" ,
			"description" : "Viertes Tutoriallevel, das das System der Schrittanzahllevel erklärt." ,
			"design" : "" ,
			"animation" : [""
			],
			"abort simulation after" : 5 ,
			"hints" : [ "hints/0102"
			],
			"data" : {
				"initial constellation" : {
					"families" : [
						{
							"type" : "colored alligator" ,
							"movable" : false ,
							"removable" : false ,
							"color" : 6 ,
							"recolorable" : false ,
							"children" : [

									{
									"type" : "egg" ,
									"movable" : false ,
									"removable" : false ,
									"color" : -1 ,
									"recolorable" : true
									},
									{
									"type" : "egg" ,
									"movable" : false ,
									"removable" : false ,
									"color" : -1 ,
									"recolorable" : true
									}
							]
						},
						{
							"type" : "colored alligator" ,
							"movable" : false ,
							"removable" : false ,
							"color" : 7 ,
							"recolorable" : false ,
							"children" : [
								{
								"type" : "egg" ,
								"movable" : false ,
								"removable" : false ,
								"color" : -1 ,
								"recolorable" : true
								},
								{
								"type" : "egg" ,
								"movable" : false ,
								"removable" : false ,
								"color" : -1 ,
								"recolorable" : true
								}
							]
						},
						{
							"type" : "egg" ,
							"movable" : false ,
							"removable" : false ,
							"color" : -1 ,
							"recolorable" : true
						}				
					
					]
				},
				"objective" : {
					"families" : [
						{
						"type" : "egg" ,
						"movable" : false ,
						"removable" : false ,
						"color" : 8 ,
						"recolorable" : true
						},
						{
						"type" : "egg" ,
						"movable" : false ,
						"removable" : false ,
						"color" : 8 ,
						"recolorable" : true
						},
						{
						"type" : "egg" ,
						"movable" : false ,
						"removable" : false ,
						"color" : 8 ,
						"recolorable" : true
						}
						
					]
				},

				"user colors" : [
					6, 11, 7, 8, 9, 10
				],
				"blocked colors" : [
				]
				
			}
			}
		
		]
	}
}
