{
	"de.croggle" : {
		"levels" : [
			{
			"type" : "term edit" ,
			"description" : "" ,
			"design" : "" ,
			"animation" : [""
			],
			"abort simulation after" : 111 ,
			"hints" : [ "hints/0003"
			],
			"data" : {
				"initial constellation" : {
					"families" : [
						{
							"type" : "colored alligator" ,
							"movable" : false ,
							"removable" : false ,
							"color" : 2 ,
							"recolorable" : false ,
							"children" : [
								{
								"type" : "egg" ,
								"movable" : false ,
								"removable" : false ,
								"color" : 2 ,
								"recolorable" : false
								}
							]
						}
					]
				},
				"objective" : {
					"families" : [
						{
							"type" : "egg" ,
							"movable" : false ,
							"removable" : false ,
							"color" : 18 ,
							"recolorable" : true
						},
						{
							"type" : "egg" ,
							"movable" : false ,
							"removable" : false ,
							"color" : 18 ,
							"recolorable" : true
						}
					]
				},

				"user colors" : [
					0, 11, 2, 13, 6, 18
				],
				"blocked colors" : [
				],
				"blocked types" : [
				]
			}				
			}
		]
	}
}
