{
	"de.croggle" : {
		"levels" : [
			{
			"type" : "color edit" ,
			"description" : "" ,
			"design" : "" ,
			"animation" : [""
			],
			"abort simulation after" : 10 ,
			"hints" : [ "hints/0008"
			],
			"data" : {
				"initial constellation" : {
					"families" : [
						{
							"type" : "colored alligator" ,
							"movable" : false ,
							"removable" : false ,
							"color" : -1 ,
							"recolorable" : true ,
							"children" : [
								{
								"type" : "egg" ,
								"movable" : false ,
								"removable" : false ,
								"color" : -1 ,
								"recolorable" : true
								},
								{
								"type" : "egg" ,
								"movable" : false ,
								"removable" : false ,
								"color" : -1 ,
								"recolorable" : true
								}
							]
						},
						{
							"type" : "colored alligator" ,
							"movable" : false ,
							"removable" : false ,
							"color" : -1 ,
							"recolorable" : true ,
							"children" : [
								{
								"type" : "egg" ,
								"movable" : false ,
								"removable" : false ,
								"color" : -1 ,
								"recolorable" : true
								},
								{
								"type" : "egg" ,
								"movable" : false ,
								"removable" : false ,
								"color" : -1 ,
								"recolorable" : true
								}
							]
						}
						
					]
				},
				"objective" : {
					"families" : [
						{
							"type" : "colored alligator" ,
							"movable" : false ,
							"removable" : false ,
							"color" : 10 ,
							"recolorable" : true ,
							"children" : [
								{
								"type" : "egg" ,
								"movable" : false ,
								"removable" : false ,
								"color" : 10 ,
								"recolorable" : true
								},
								{
								"type" : "egg" ,
								"movable" : false ,
								"removable" : false ,
								"color" : 10 ,
								"recolorable" : true
								}
							]
						},
						{
							"type" : "colored alligator" ,
							"movable" : false ,
							"removable" : false ,
							"color" : 10 ,
							"recolorable" : true ,
							"children" : [
								{
								"type" : "egg" ,
								"movable" : false ,
								"removable" : false ,
								"color" : 10 ,
								"recolorable" : true
								},
								{
								"type" : "egg" ,
								"movable" : false ,
								"removable" : false ,
								"color" : 10 ,
								"recolorable" : true
								}
							]
						}
					
					]
				},

				"user colors" : [
					10, 11, 12, 13, 16, 17
				],
				"blocked colors" : [
				]
			}				
			}
		]
	}
}
